SKU,Marketplace,Date,Impressions,Clicks,Add to Cart,Orders,Ad Spend,Revenue from Ads
SKU-0001,flipkart,2026-03-12,1251,147,9,0,1144.89,0.0
SKU-0001,flipkart,2026-03-11,7773,145,8,8,829.08,2630.06
SKU-0001,flipkart,2026-03-10,5249,454,29,26,1511.92,33193.27
SKU-0001,flipkart,2026-03-09,5915,46,1,1,1673.49,1502.82
SKU-0001,flipkart,2026-03-08,3818,67,8,7,1506.02,12024.12
SKU-0001,flipkart,2026-03-07,9136,170,13,11,1318.86,10128.49
SKU-0001,flipkart,2026-03-06,3884,268,22,5,661.53,8713.23
SKU-0001,flipkart,2026-03-05,7979,437,57,27,1931.74,13673.93
SKU-0001,flipkart,2026-03-04,9940,53,9,8,1184.55,12210.57
SKU-0001,flipkart,2026-03-03,2885,287,46,29,1212.87,34345.49
SKU-0001,flipkart,2026-03-02,2525,327,64,51,1459.58,83422.48
SKU-0001,flipkart,2026-03-01,8255,471,34,5,305.92,1657.74
SKU-0001,flipkart,2026-02-28,8475,431,45,8,854.98,11818.25
SKU-0001,flipkart,2026-02-27,6383,307,18,15,1246.36,5874.45
SKU-0001,myntra,2026-03-12,2658,17,1,0,356.74,0.0
SKU-0001,myntra,2026-03-11,5763,245,17,0,1467.8,0.0
SKU-0001,myntra,2026-03-10,4305,142,10,5,1647.77,5182.02
SKU-0001,myntra,2026-03-09,1047,290,48,15,384.32,4744.12
SKU-0001,myntra,2026-03-08,7532,349,50,49,945.23,66831.74
SKU-0001,myntra,2026-03-07,4467,429,4,2,1356.65,814.72
SKU-0001,myntra,2026-03-06,5790,409,22,3,176.44,2717.12
SKU-0001,myntra,2026-03-05,6011,484,80,48,1019.88,25863.13
SKU-0001,myntra,2026-03-04,7474,151,10,4,1741.88,7909.52
SKU-0001,myntra,2026-03-03,9727,498,95,50,1112.59,47845.42
SKU-0001,myntra,2026-03-02,7963,354,57,40,1238.38,61479.08
SKU-0001,myntra,2026-03-01,4082,470,8,2,433.09,699.79
SKU-0001,myntra,2026-02-28,3111,159,21,11,1346.64,12168.37
SKU-0001,myntra,2026-02-27,5617,60,10,1,1326.47,393.84
SKU-0002,myntra,2026-03-12,7381,170,33,19,219.49,11641.68
SKU-0002,myntra,2026-03-11,2533,17,2,1,1529.5,1389.31
SKU-0002,myntra,2026-03-10,3235,417,62,20,891.86,14889.54
SKU-0002,myntra,2026-03-09,5614,449,47,30,1891.56,13024.3
SKU-0002,myntra,2026-03-08,2006,117,23,8,874.44,3035.63
SKU-0002,myntra,2026-03-07,4449,416,22,12,986.11,14227.7
SKU-0002,myntra,2026-03-06,2259,199,21,7,667.34,9462.79
SKU-0002,myntra,2026-03-05,998,214,11,0,874.29,0.0
SKU-0002,myntra,2026-03-04,7024,429,74,73,984.38,127409.57
SKU-0002,myntra,2026-03-03,5693,101,7,1,81.16,929.36
SKU-0002,myntra,2026-03-02,9458,195,11,10,361.96,4155.63
SKU-0002,myntra,2026-03-01,5342,218,16,10,856.4,3245.38
SKU-0002,myntra,2026-02-28,1957,486,11,7,663.58,9268.15
SKU-0002,myntra,2026-02-27,8922,153,13,2,289.97,3159.49
SKU-0002,meesho,2026-03-12,2621,252,34,32,1313.16,17608.52
SKU-0002,meesho,2026-03-11,4337,147,6,2,521.91,2664.81
SKU-0002,meesho,2026-03-10,3251,387,76,76,1113.7,93498.17
SKU-0002,meesho,2026-03-09,2250,432,18,5,1317.6,9470.02
SKU-0002,meesho,2026-03-08,439,47,9,4,877.6,7337.81
SKU-0002,meesho,2026-03-07,2709,232,8,6,1956.89,8764.54
SKU-0002,meesho,2026-03-06,9296,309,47,30,1631.39,59509.76
SKU-0002,meesho,2026-03-05,2373,178,14,7,321.78,2168.26
SKU-0002,meesho,2026-03-04,3307,181,34,13,1647.24,13482.81
SKU-0002,meesho,2026-03-03,5421,304,9,8,1938.03,15582.48
SKU-0002,meesho,2026-03-02,964,272,9,9,1416.14,12896.17
SKU-0002,meesho,2026-03-01,5842,272,52,42,280.07,18510.75
SKU-0002,meesho,2026-02-28,1752,439,5,2,1312.18,2271.47
SKU-0002,meesho,2026-02-27,3967,412,57,32,1722.11,42348.4
SKU-0003,amazon_in,2026-03-12,9416,495,26,4,1271.5,3376.82
SKU-0003,amazon_in,2026-03-11,8882,28,3,1,129.56,758.41
SKU-0003,amazon_in,2026-03-10,782,109,4,2,881.38,2213.94
SKU-0003,amazon_in,2026-03-09,4731,13,2,1,762.78,1139.12
SKU-0003,amazon_in,2026-03-08,5551,53,9,1,620.98,1716.23
SKU-0003,amazon_in,2026-03-07,1204,424,21,15,509.29,11389.41
SKU-0003,amazon_in,2026-03-06,1739,106,12,8,610.23,2962.93
SKU-0003,amazon_in,2026-03-05,1987,111,13,11,464.4,19661.51
SKU-0003,amazon_in,2026-03-04,7907,55,4,0,284.54,0.0
SKU-0003,amazon_in,2026-03-03,6400,238,34,14,307.67,25145.37
SKU-0003,amazon_in,2026-03-02,2854,275,22,20,715.79,13901.42
SKU-0003,amazon_in,2026-03-01,7210,459,3,3,1597.79,5402.32
SKU-0003,amazon_in,2026-02-28,4635,389,32,14,136.14,19463.39
SKU-0003,amazon_in,2026-02-27,8498,432,31,19,1759.63,22889.51
SKU-0003,myntra,2026-03-12,9440,132,25,1,1016.82,829.47
SKU-0003,myntra,2026-03-11,6784,480,15,11,354.55,4913.32
SKU-0003,myntra,2026-03-10,6384,202,33,8,888.04,5631.13
SKU-0003,myntra,2026-03-09,6992,17,1,0,1676.96,0.0
SKU-0003,myntra,2026-03-08,745,62,2,0,1632.24,0.0
SKU-0003,myntra,2026-03-07,2304,396,66,61,1593.06,62131.47
SKU-0003,myntra,2026-03-06,5599,206,39,15,1599.76,13581.93
SKU-0003,myntra,2026-03-05,3070,314,38,28,1490.79,53409.24
SKU-0003,myntra,2026-03-04,1608,393,48,13,1343.76,24195.7
SKU-0003,myntra,2026-03-03,3278,117,12,6,486.8,3077.15
SKU-0003,myntra,2026-03-02,7089,166,27,10,1346.23,9523.5
SKU-0003,myntra,2026-03-01,5777,208,24,11,824.38,15508.15
SKU-0003,myntra,2026-02-28,9990,183,16,1,764.96,443.93
SKU-0003,myntra,2026-02-27,1486,359,40,29,969.74,18803.9
SKU-0004,flipkart,2026-03-12,1035,180,25,9,172.28,5999.86
SKU-0004,flipkart,2026-03-11,3029,95,2,0,1565.63,0.0
SKU-0004,flipkart,2026-03-10,4947,80,7,6,312.14,2244.1
SKU-0004,flipkart,2026-03-09,1178,406,19,13,1047.32,13531.72
SKU-0004,flipkart,2026-03-08,6336,279,1,1,1449.36,1894.69
SKU-0004,flipkart,2026-03-07,7695,316,15,11,414.76,17917.22
SKU-0004,flipkart,2026-03-06,2483,327,22,10,1914.98,4507.26
SKU-0004,flipkart,2026-03-05,4724,411,56,38,147.72,67986.26
SKU-0004,flipkart,2026-03-04,6063,289,34,33,82.73,64112.93
SKU-0004,flipkart,2026-03-03,9778,261,10,10,1792.12,5392.32
SKU-0004,flipkart,2026-03-02,664,447,26,15,538.54,6581.57
SKU-0004,flipkart,2026-03-01,8861,80,9,6,1744.29,4577.95
SKU-0004,flipkart,2026-02-28,8580,292,18,1,1244.33,1141.88
SKU-0004,flipkart,2026-02-27,6652,87,15,6,1420.44,9583.37
SKU-0004,amazon_in,2026-03-12,6994,112,2,1,175.09,1715.43
SKU-0004,amazon_in,2026-03-11,8323,97,11,10,1928.92,3640.71
SKU-0004,amazon_in,2026-03-10,1780,100,4,1,1518.76,1953.84
SKU-0004,amazon_in,2026-03-09,4960,57,1,1,317.62,318.48
SKU-0004,amazon_in,2026-03-08,9759,294,55,26,432.09,8360.07
SKU-0004,amazon_in,2026-03-07,7571,150,13,9,807.48,4782.54
SKU-0004,amazon_in,2026-03-06,5601,402,2,2,383.45,681.27
SKU-0004,amazon_in,2026-03-05,2420,282,7,5,1924.73,8364.06
SKU-0004,amazon_in,2026-03-04,5302,102,15,8,740.54,2469.31
SKU-0004,amazon_in,2026-03-03,9727,14,2,2,1677.66,3849.37
SKU-0004,amazon_in,2026-03-02,7242,216,30,11,577.19,3473.44
SKU-0004,amazon_in,2026-03-01,403,105,10,10,216.26,6923.9
SKU-0004,amazon_in,2026-02-28,3919,264,48,44,205.09,41431.89
SKU-0004,amazon_in,2026-02-27,2500,286,15,0,183.62,0.0
SKU-0005,flipkart,2026-03-12,1482,135,1,1,570.82,312.48
SKU-0005,flipkart,2026-03-11,2973,264,49,1,1286.73,1030.27
SKU-0005,flipkart,2026-03-10,2996,485,71,53,652.63,58921.24
SKU-0005,flipkart,2026-03-09,3523,415,21,0,1085.11,0.0
SKU-0005,flipkart,2026-03-08,1761,500,99,48,1053.31,68119.65
SKU-0005,flipkart,2026-03-07,9111,431,79,38,1389.86,46470.32
SKU-0005,flipkart,2026-03-06,7333,209,18,12,414.92,20766.56
SKU-0005,flipkart,2026-03-05,1787,401,32,23,160.53,39604.94
SKU-0005,flipkart,2026-03-04,1970,260,8,5,492.4,2207.94
SKU-0005,flipkart,2026-03-03,9471,400,36,18,1759.5,19853.93
SKU-0005,flipkart,2026-03-02,8874,302,33,31,1337.16,31355.69
SKU-0005,flipkart,2026-03-01,2257,57,1,0,1762.04,0.0
SKU-0005,flipkart,2026-02-28,9531,390,69,6,1343.44,4141.1
SKU-0005,flipkart,2026-02-27,9160,143,27,7,1839.0,9123.01
SKU-0005,amazon_in,2026-03-12,1654,142,26,2,980.04,1658.89
SKU-0005,amazon_in,2026-03-11,7268,475,50,22,495.84,28276.19
SKU-0005,amazon_in,2026-03-10,9039,139,2,0,1510.72,0.0
SKU-0005,amazon_in,2026-03-09,8546,262,51,12,1253.93,11943.72
SKU-0005,amazon_in,2026-03-08,7438,444,14,7,882.75,10820.39
SKU-0005,amazon_in,2026-03-07,922,161,11,1,1262.73,547.9
SKU-0005,amazon_in,2026-03-06,8697,183,32,21,1098.53,6495.83
SKU-0005,amazon_in,2026-03-05,6835,160,4,1,597.54,410.54
SKU-0005,amazon_in,2026-03-04,2815,315,59,46,353.56,43716.14
SKU-0005,amazon_in,2026-03-03,5488,319,49,41,1247.57,63868.83
SKU-0005,amazon_in,2026-03-02,9173,10,2,0,161.09,0.0
SKU-0005,amazon_in,2026-03-01,7550,46,1,1,1252.93,1715.16
SKU-0005,amazon_in,2026-02-28,3418,251,15,13,1283.25,18673.45
SKU-0005,amazon_in,2026-02-27,8568,438,72,49,1378.68,87666.23
SKU-0006,flipkart,2026-03-12,4550,123,12,0,645.54,0.0
SKU-0006,flipkart,2026-03-11,3123,267,16,14,1958.21,4781.76
SKU-0006,flipkart,2026-03-10,3467,54,4,3,715.21,2920.27
SKU-0006,flipkart,2026-03-09,7496,468,86,71,124.2,94219.5
SKU-0006,flipkart,2026-03-08,5967,110,4,0,1402.54,0.0
SKU-0006,flipkart,2026-03-07,1103,181,2,1,1011.79,1190.63
SKU-0006,flipkart,2026-03-06,8140,424,58,57,901.54,105485.99
SKU-0006,flipkart,2026-03-05,9767,402,79,71,433.5,83691.66
SKU-0006,flipkart,2026-03-04,2889,308,14,7,1086.7,13846.77
SKU-0006,flipkart,2026-03-03,8042,64,10,3,1084.47,3012.26
SKU-0006,flipkart,2026-03-02,2300,355,17,10,463.33,5383.6
SKU-0006,flipkart,2026-03-01,7310,141,28,23,947.86,13821.51
SKU-0006,flipkart,2026-02-28,6325,440,31,8,1419.1,10514.11
SKU-0006,flipkart,2026-02-27,9597,298,7,0,1324.71,0.0
SKU-0006,amazon_in,2026-03-12,242,86,17,15,1479.78,14066.03
SKU-0006,amazon_in,2026-03-11,6056,11,2,0,1850.52,0.0
SKU-0006,amazon_in,2026-03-10,3860,496,54,41,258.68,44212.22
SKU-0006,amazon_in,2026-03-09,9484,254,15,7,412.26,3011.74
SKU-0006,amazon_in,2026-03-08,9162,42,2,0,1463.92,0.0
SKU-0006,amazon_in,2026-03-07,8709,328,12,9,690.51,16079.99
SKU-0006,amazon_in,2026-03-06,2528,313,30,22,1733.13,24634.21
SKU-0006,amazon_in,2026-03-05,7504,480,89,9,183.21,8249.75
SKU-0006,amazon_in,2026-03-04,9212,405,69,29,1377.39,56002.27
SKU-0006,amazon_in,2026-03-03,8528,120,2,2,1204.17,3134.72
SKU-0006,amazon_in,2026-03-02,2575,178,3,1,1576.59,1196.15
SKU-0006,amazon_in,2026-03-01,1162,456,3,2,649.09,1319.74
SKU-0006,amazon_in,2026-02-28,8124,111,18,10,1783.05,8395.34
SKU-0006,amazon_in,2026-02-27,8230,403,24,5,1971.24,9869.69
SKU-0007,myntra,2026-03-12,4941,153,13,12,1417.86,20515.74
SKU-0007,myntra,2026-03-11,2382,464,33,25,1626.9,48086.57
SKU-0007,myntra,2026-03-10,3126,277,55,19,592.09,33618.13
SKU-0007,myntra,2026-03-09,6162,86,17,17,1065.48,22510.27
SKU-0007,myntra,2026-03-08,6000,385,65,51,1038.4,37577.26
SKU-0007,myntra,2026-03-07,1069,468,73,35,941.54,41176.82
SKU-0007,myntra,2026-03-06,2848,40,4,0,1357.63,0.0
SKU-0007,myntra,2026-03-05,6462,161,2,2,1763.99,1674.54
SKU-0007,myntra,2026-03-04,3923,477,82,35,1264.48,35539.16
SKU-0007,myntra,2026-03-03,905,69,9,8,1775.2,15290.03
SKU-0007,myntra,2026-03-02,1469,207,33,9,822.32,11061.35
SKU-0007,myntra,2026-03-01,660,135,25,3,1099.5,3258.55
SKU-0007,myntra,2026-02-28,3625,11,1,0,342.94,0.0
SKU-0007,myntra,2026-02-27,563,98,1,0,1450.6,0.0
SKU-0007,meesho,2026-03-12,9238,110,18,2,968.91,1365.72
SKU-0007,meesho,2026-03-11,9109,144,12,11,971.4,7112.03
SKU-0007,meesho,2026-03-10,6305,50,5,3,1422.64,3353.23
SKU-0007,meesho,2026-03-09,4556,469,89,9,1801.29,14670.13
SKU-0007,meesho,2026-03-08,2691,409,31,22,637.08,32131.23
SKU-0007,meesho,2026-03-07,5829,326,15,8,423.11,11520.65
SKU-0007,meesho,2026-03-06,1564,368,16,12,87.04,12160.5
SKU-0007,meesho,2026-03-05,1445,295,40,18,552.36,7389.5
SKU-0007,meesho,2026-03-04,9126,303,8,5,305.02,7485.13
SKU-0007,meesho,2026-03-03,3424,96,17,0,1787.45,0.0
SKU-0007,meesho,2026-03-02,2079,88,11,7,222.47,9970.45
SKU-0007,meesho,2026-03-01,7950,255,44,31,751.6,23568.44
SKU-0007,meesho,2026-02-28,1767,80,14,4,1341.76,4978.45
SKU-0007,meesho,2026-02-27,2951,61,9,2,1298.0,721.45
SKU-0008,amazon_in,2026-03-12,7187,184,27,3,1687.32,5984.62
SKU-0008,amazon_in,2026-03-11,689,459,33,4,136.94,3243.27
SKU-0008,amazon_in,2026-03-10,8841,38,7,5,697.86,9146.18
SKU-0008,amazon_in,2026-03-09,3585,140,16,10,1803.5,17759.58
SKU-0008,amazon_in,2026-03-08,3903,238,46,9,904.49,10514.23
SKU-0008,amazon_in,2026-03-07,8275,291,43,42,764.15,50755.08
SKU-0008,amazon_in,2026-03-06,8105,16,3,2,692.91,2126.14
SKU-0008,amazon_in,2026-03-05,6646,43,5,5,1101.16,3555.98
SKU-0008,amazon_in,2026-03-04,1577,293,17,17,1284.54,24180.52
SKU-0008,amazon_in,2026-03-03,912,336,67,42,724.62,43362.32
SKU-0008,amazon_in,2026-03-02,6815,232,15,11,93.26,20694.48
SKU-0008,amazon_in,2026-03-01,5153,226,33,18,1524.65,20264.29
SKU-0008,amazon_in,2026-02-28,8820,260,38,1,1827.77,1263.66
SKU-0008,amazon_in,2026-02-27,2076,466,76,10,935.77,18792.84
SKU-0008,flipkart,2026-03-12,8568,178,16,0,1694.9,0.0
SKU-0008,flipkart,2026-03-11,2278,208,2,1,649.83,1096.88
SKU-0008,flipkart,2026-03-10,9756,139,18,1,1550.99,793.42
SKU-0008,flipkart,2026-03-09,9792,326,56,53,1334.7,49442.45
SKU-0008,flipkart,2026-03-08,7115,174,18,4,566.61,4033.66
SKU-0008,flipkart,2026-03-07,6604,162,17,0,1494.08,0.0
SKU-0008,flipkart,2026-03-06,3365,409,48,44,1853.57,72473.89
SKU-0008,flipkart,2026-03-05,8954,443,47,0,151.14,0.0
SKU-0008,flipkart,2026-03-04,6695,411,34,27,1409.52,40767.24
SKU-0008,flipkart,2026-03-03,5261,165,1,1,941.46,1071.45
SKU-0008,flipkart,2026-03-02,2876,208,36,3,1407.36,3963.13
SKU-0008,flipkart,2026-03-01,912,93,18,17,290.33,22424.15
SKU-0008,flipkart,2026-02-28,8548,55,5,0,1330.53,0.0
SKU-0008,flipkart,2026-02-27,6548,254,23,12,1125.54,10635.59
SKU-0009,amazon_in,2026-03-12,3599,283,37,21,710.61,26033.94
SKU-0009,amazon_in,2026-03-11,8217,355,68,37,1823.19,46752.19
SKU-0009,amazon_in,2026-03-10,8924,89,5,3,1030.65,1289.14
SKU-0009,amazon_in,2026-03-09,1063,94,2,2,921.59,2293.13
SKU-0009,amazon_in,2026-03-08,8433,155,10,2,754.89,2528.25
SKU-0009,amazon_in,2026-03-07,1997,140,1,0,1465.31,0.0
SKU-0009,amazon_in,2026-03-06,9419,33,4,4,1834.58,2451.65
SKU-0009,amazon_in,2026-03-05,9204,25,4,0,202.31,0.0
SKU-0009,amazon_in,2026-03-04,4176,365,17,17,681.07,26073.15
SKU-0009,amazon_in,2026-03-03,8352,228,17,2,1325.62,2618.6
SKU-0009,amazon_in,2026-03-02,3262,356,65,57,1590.3,111254.28
SKU-0009,amazon_in,2026-03-01,1127,111,8,0,1619.87,0.0
SKU-0009,amazon_in,2026-02-28,6135,175,25,16,444.27,17333.78
SKU-0009,amazon_in,2026-02-27,3679,429,42,35,659.68,49266.67
SKU-0009,flipkart,2026-03-12,493,154,17,14,1377.23,18917.19
SKU-0009,flipkart,2026-03-11,7914,398,58,9,1238.02,16250.51
SKU-0009,flipkart,2026-03-10,7484,439,48,13,1089.61,6944.81
SKU-0009,flipkart,2026-03-09,4662,459,76,44,245.92,19361.99
SKU-0009,flipkart,2026-03-08,7528,386,25,3,1430.01,4630.24
SKU-0009,flipkart,2026-03-07,5083,391,67,6,1241.34,7029.93
SKU-0009,flipkart,2026-03-06,7311,198,28,11,1665.29,7355.51
SKU-0009,flipkart,2026-03-05,9327,465,61,22,465.43,34057.09
SKU-0009,flipkart,2026-03-04,762,154,6,3,560.44,3719.43
SKU-0009,flipkart,2026-03-03,3733,382,20,8,1569.45,6065.08
SKU-0009,flipkart,2026-03-02,5909,217,27,2,728.56,619.69
SKU-0009,flipkart,2026-03-01,454,129,14,5,502.27,4539.36
SKU-0009,flipkart,2026-02-28,5145,463,46,11,793.13,19740.16
SKU-0009,flipkart,2026-02-27,2376,391,29,12,140.86,11235.58
SKU-0010,amazon_in,2026-03-12,8480,443,50,17,568.14,24768.3
SKU-0010,amazon_in,2026-03-11,169,26,5,3,683.13,3200.6
SKU-0010,amazon_in,2026-03-10,2801,232,7,3,412.94,4658.26
SKU-0010,amazon_in,2026-03-09,7696,414,16,12,1544.99,4770.69
SKU-0010,amazon_in,2026-03-08,9135,136,25,14,395.14,23623.25
SKU-0010,amazon_in,2026-03-07,9451,181,25,1,1373.06,865.25
SKU-0010,amazon_in,2026-03-06,7195,376,32,17,375.88,29972.42
SKU-0010,amazon_in,2026-03-05,3855,470,66,24,109.56,17089.5
SKU-0010,amazon_in,2026-03-04,9311,188,24,20,1843.94,25757.53
SKU-0010,amazon_in,2026-03-03,6285,382,12,2,348.95,2916.06
SKU-0010,amazon_in,2026-03-02,1377,272,42,20,841.79,7136.94
SKU-0010,amazon_in,2026-03-01,3331,85,11,7,805.89,10823.85
SKU-0010,amazon_in,2026-02-28,8819,407,8,6,698.95,10009.76
SKU-0010,amazon_in,2026-02-27,5068,108,8,0,1499.85,0.0
SKU-0010,flipkart,2026-03-12,9902,471,54,23,1949.1,25289.66
SKU-0010,flipkart,2026-03-11,7418,15,1,0,1211.75,0.0
SKU-0010,flipkart,2026-03-10,3718,235,45,36,962.21,70435.06
SKU-0010,flipkart,2026-03-09,696,190,38,7,1242.28,5116.51
SKU-0010,flipkart,2026-03-08,6151,21,1,1,1221.55,1240.32
SKU-0010,flipkart,2026-03-07,6500,112,4,4,1567.41,7695.4
SKU-0010,flipkart,2026-03-06,2823,172,9,4,420.81,2793.94
SKU-0010,flipkart,2026-03-05,7749,123,9,0,753.53,0.0
SKU-0010,flipkart,2026-03-04,5581,341,53,16,1456.46,19075.66
SKU-0010,flipkart,2026-03-03,5292,138,25,19,227.89,9375.3
SKU-0010,flipkart,2026-03-02,2785,221,19,1,432.88,888.29
SKU-0010,flipkart,2026-03-01,667,24,1,1,642.38,1665.48
SKU-0010,flipkart,2026-02-28,7244,431,72,14,331.18,13580.82
SKU-0010,flipkart,2026-02-27,5710,499,55,27,1810.48,33400.16
SKU-0011,myntra,2026-03-12,689,99,5,1,1093.39,853.23
SKU-0011,myntra,2026-03-11,6477,438,83,72,1369.41,22935.6
SKU-0011,myntra,2026-03-10,744,266,9,1,655.28,536.25
SKU-0011,myntra,2026-03-09,2426,430,56,33,1043.87,36305.72
SKU-0011,myntra,2026-03-08,1647,46,1,1,1994.68,440.7
SKU-0011,myntra,2026-03-07,1220,382,18,11,790.19,15397.18
SKU-0011,myntra,2026-03-06,202,97,7,4,761.38,7306.03
SKU-0011,myntra,2026-03-05,2480,271,25,9,75.07,17990.98
SKU-0011,myntra,2026-03-04,7273,274,40,22,1697.38,19809.8
SKU-0011,myntra,2026-03-03,9583,478,81,11,68.26,6972.28
SKU-0011,myntra,2026-03-02,9322,299,14,8,150.78,14734.85
SKU-0011,myntra,2026-03-01,4770,498,80,24,1382.7,29785.73
SKU-0011,myntra,2026-02-28,104,75,5,0,770.43,0.0
SKU-0011,myntra,2026-02-27,9319,384,41,9,831.85,13024.99
SKU-0011,flipkart,2026-03-12,2280,254,43,19,168.52,21118.87
SKU-0011,flipkart,2026-03-11,2636,192,38,3,1527.12,2566.79
SKU-0011,flipkart,2026-03-10,8473,421,48,7,248.45,4902.47
SKU-0011,flipkart,2026-03-09,5498,38,6,0,92.47,0.0
SKU-0011,flipkart,2026-03-08,5226,423,67,13,1313.66,25134.02
SKU-0011,flipkart,2026-03-07,5302,211,17,9,515.84,15190.05
SKU-0011,flipkart,2026-03-06,3857,194,37,22,545.71,41351.3
SKU-0011,flipkart,2026-03-05,8738,473,90,30,535.05,24418.77
SKU-0011,flipkart,2026-03-04,1580,267,26,0,1261.16,0.0
SKU-0011,flipkart,2026-03-03,1789,493,81,28,1051.75,24448.37
SKU-0011,flipkart,2026-03-02,3132,414,80,41,1970.33,63642.54
SKU-0011,flipkart,2026-03-01,3582,113,20,6,135.57,4174.86
SKU-0011,flipkart,2026-02-28,1260,431,31,0,789.55,0.0
SKU-0011,flipkart,2026-02-27,8298,309,6,2,1909.35,3653.64
SKU-0012,meesho,2026-03-12,424,140,18,5,673.18,2224.0
SKU-0012,meesho,2026-03-11,6825,335,56,0,899.62,0.0
SKU-0012,meesho,2026-03-10,4810,441,21,8,267.24,5277.81
SKU-0012,meesho,2026-03-09,4366,34,2,1,1014.77,1973.6
SKU-0012,meesho,2026-03-08,2585,97,10,8,1965.3,15141.67
SKU-0012,meesho,2026-03-07,6990,392,8,7,501.55,12255.29
SKU-0012,meesho,2026-03-06,6999,94,12,6,1471.28,7312.03
SKU-0012,meesho,2026-03-05,3214,101,17,6,1622.97,11424.14
SKU-0012,meesho,2026-03-04,6307,269,38,12,1511.55,14494.97
SKU-0012,meesho,2026-03-03,3690,39,5,4,1916.41,2559.46
SKU-0012,meesho,2026-03-02,7161,466,61,53,73.65,87719.03
SKU-0012,meesho,2026-03-01,2394,86,7,5,759.96,5960.67
SKU-0012,meesho,2026-02-28,4692,152,21,13,669.8,15362.08
SKU-0012,meesho,2026-02-27,4050,77,4,1,751.79,1925.46
SKU-0012,amazon_in,2026-03-12,7531,285,47,37,1572.42,55523.65
SKU-0012,amazon_in,2026-03-11,6568,11,1,1,1506.91,1093.82
SKU-0012,amazon_in,2026-03-10,8402,16,2,2,303.33,1033.27
SKU-0012,amazon_in,2026-03-09,127,121,15,6,1203.08,4038.89
SKU-0012,amazon_in,2026-03-08,6442,110,2,0,335.14,0.0
SKU-0012,amazon_in,2026-03-07,1488,500,69,45,1369.11,27564.92
SKU-0012,amazon_in,2026-03-06,710,378,22,11,1215.91,21631.11
SKU-0012,amazon_in,2026-03-05,193,36,5,1,1106.16,1370.74
SKU-0012,amazon_in,2026-03-04,6640,83,3,1,269.72,843.6
SKU-0012,amazon_in,2026-03-03,9786,103,6,5,478.66,5348.31
SKU-0012,amazon_in,2026-03-02,5468,71,13,4,549.49,2206.25
SKU-0012,amazon_in,2026-03-01,6470,254,36,12,1675.58,9225.33
SKU-0012,amazon_in,2026-02-28,7165,427,76,55,621.1,28799.88
SKU-0012,amazon_in,2026-02-27,3633,33,1,0,1736.17,0.0
SKU-0013,amazon_in,2026-03-12,9793,335,53,10,315.26,7112.54
SKU-0013,amazon_in,2026-03-11,6556,400,54,5,73.93,6161.48
SKU-0013,amazon_in,2026-03-10,5463,309,55,6,98.66,9192.3
SKU-0013,amazon_in,2026-03-09,9898,143,23,11,300.05,21589.68
SKU-0013,amazon_in,2026-03-08,6822,226,30,5,1731.93,1503.01
SKU-0013,amazon_in,2026-03-07,5653,62,9,4,474.3,5141.95
SKU-0013,amazon_in,2026-03-06,5781,367,24,5,1581.9,7559.21
SKU-0013,amazon_in,2026-03-05,1427,414,55,19,522.31,25512.83
SKU-0013,amazon_in,2026-03-04,3436,189,36,28,509.46,9083.38
SKU-0013,amazon_in,2026-03-03,6786,430,72,33,1288.74,57608.08
SKU-0013,amazon_in,2026-03-02,5653,457,87,63,1594.45,92883.68
SKU-0013,amazon_in,2026-03-01,5577,93,17,7,1472.83,4217.46
SKU-0013,amazon_in,2026-02-28,4945,93,12,8,946.76,2958.09
SKU-0013,amazon_in,2026-02-27,6337,353,16,1,408.09,389.9
SKU-0013,flipkart,2026-03-12,7285,284,55,18,62.14,21348.07
SKU-0013,flipkart,2026-03-11,7903,452,23,10,1729.65,4170.71
SKU-0013,flipkart,2026-03-10,8386,69,2,2,1627.54,1662.22
SKU-0013,flipkart,2026-03-09,3057,357,33,1,588.04,714.02
SKU-0013,flipkart,2026-03-08,7801,356,10,7,824.6,8044.47
SKU-0013,flipkart,2026-03-07,2322,50,2,2,1395.32,2518.96
SKU-0013,flipkart,2026-03-06,9327,385,72,61,1148.17,89269.44
SKU-0013,flipkart,2026-03-05,6673,310,39,24,1446.8,42487.87
SKU-0013,flipkart,2026-03-04,9276,12,2,2,430.32,2588.3
SKU-0013,flipkart,2026-03-03,9514,202,4,0,1680.48,0.0
SKU-0013,flipkart,2026-03-02,707,430,42,41,1404.43,73093.04
SKU-0013,flipkart,2026-03-01,4150,112,13,12,1995.17,20629.09
SKU-0013,flipkart,2026-02-28,7202,292,8,5,1197.55,5083.6
SKU-0013,flipkart,2026-02-27,6759,80,8,8,178.14,4748.48
SKU-0014,myntra,2026-03-12,7624,472,68,41,1246.27,19668.6
SKU-0014,myntra,2026-03-11,2500,318,33,7,1868.68,7394.63
SKU-0014,myntra,2026-03-10,5041,182,17,17,1400.93,6090.32
SKU-0014,myntra,2026-03-09,7618,294,28,7,1977.08,7648.87
SKU-0014,myntra,2026-03-08,4667,140,22,17,258.4,29094.57
SKU-0014,myntra,2026-03-07,7018,238,15,9,1643.77,3686.98
SKU-0014,myntra,2026-03-06,8009,379,2,2,1649.61,3993.53
SKU-0014,myntra,2026-03-05,5609,255,24,0,1125.6,0.0
SKU-0014,myntra,2026-03-04,2589,136,5,2,1688.69,2361.13
SKU-0014,myntra,2026-03-03,5894,351,51,6,1614.96,5152.89
SKU-0014,myntra,2026-03-02,6163,131,14,2,1891.81,2744.7
SKU-0014,myntra,2026-03-01,7465,340,14,13,1182.59,4443.54
SKU-0014,myntra,2026-02-28,7315,69,7,3,938.39,4765.65
SKU-0014,myntra,2026-02-27,416,245,3,0,870.12,0.0
SKU-0014,flipkart,2026-03-12,5509,298,17,1,628.87,982.86
SKU-0014,flipkart,2026-03-11,4711,278,22,13,1231.7,17894.38
SKU-0014,flipkart,2026-03-10,6256,224,22,1,1797.33,1835.58
SKU-0014,flipkart,2026-03-09,4131,70,12,6,1832.24,8281.1
SKU-0014,flipkart,2026-03-08,5624,100,9,0,1932.64,0.0
SKU-0014,flipkart,2026-03-07,6885,390,42,35,163.76,24445.01
SKU-0014,flipkart,2026-03-06,416,343,37,21,524.6,16575.72
SKU-0014,flipkart,2026-03-05,8178,215,9,5,1078.15,8667.77
SKU-0014,flipkart,2026-03-04,2445,324,32,13,1481.44,5218.84
SKU-0014,flipkart,2026-03-03,5859,363,46,7,1934.7,13032.88
SKU-0014,flipkart,2026-03-02,2196,456,40,37,1097.14,73945.08
SKU-0014,flipkart,2026-03-01,2216,12,2,0,515.51,0.0
SKU-0014,flipkart,2026-02-28,2652,438,15,8,285.26,4215.75
SKU-0014,flipkart,2026-02-27,9337,458,33,5,1167.73,1708.64
SKU-0015,flipkart,2026-03-12,118,108,8,0,578.71,0.0
SKU-0015,flipkart,2026-03-11,2593,49,6,1,1123.68,1899.37
SKU-0015,flipkart,2026-03-10,9696,275,1,0,1940.6,0.0
SKU-0015,flipkart,2026-03-09,9217,182,2,2,1507.05,3921.55
SKU-0015,flipkart,2026-03-08,4976,214,10,1,531.04,830.78
SKU-0015,flipkart,2026-03-07,514,64,9,9,660.54,14912.61
SKU-0015,flipkart,2026-03-06,9537,167,33,28,961.99,26279.12
SKU-0015,flipkart,2026-03-05,9829,236,32,30,1448.46,51004.15
SKU-0015,flipkart,2026-03-04,9069,490,39,5,807.32,7617.86
SKU-0015,flipkart,2026-03-03,2211,489,25,1,1642.29,822.46
SKU-0015,flipkart,2026-03-02,7401,301,9,7,394.09,5610.16
SKU-0015,flipkart,2026-03-01,8570,316,46,23,316.38,16188.46
SKU-0015,flipkart,2026-02-28,5956,185,11,4,1450.53,6972.07
SKU-0015,flipkart,2026-02-27,4410,196,30,29,412.93,34651.52
SKU-0015,meesho,2026-03-12,9125,499,47,7,1044.61,4456.37
SKU-0015,meesho,2026-03-11,5682,332,2,2,451.0,1015.52
SKU-0015,meesho,2026-03-10,8164,263,8,4,1381.19,1865.46
SKU-0015,meesho,2026-03-09,1248,40,3,0,332.13,0.0
SKU-0015,meesho,2026-03-08,798,441,48,44,517.08,38066.7
SKU-0015,meesho,2026-03-07,8444,376,73,41,468.66,78977.2
SKU-0015,meesho,2026-03-06,1956,492,95,60,278.94,54792.69
SKU-0015,meesho,2026-03-05,724,229,21,20,400.51,11646.15
SKU-0015,meesho,2026-03-04,8052,26,2,1,402.59,1614.22
SKU-0015,meesho,2026-03-03,8162,30,2,1,1743.6,740.06
SKU-0015,meesho,2026-03-02,4600,29,5,1,1031.56,890.03
SKU-0015,meesho,2026-03-01,8027,25,4,3,124.17,2024.01
SKU-0015,meesho,2026-02-28,4520,213,23,14,1834.2,18311.71
SKU-0015,meesho,2026-02-27,2505,106,20,17,1495.4,11447.71
SKU-0016,meesho,2026-03-12,1922,259,18,14,839.07,7988.44
SKU-0016,meesho,2026-03-11,6455,440,21,7,1842.33,6978.91
SKU-0016,meesho,2026-03-10,2127,98,4,2,1072.2,834.09
SKU-0016,meesho,2026-03-09,2213,263,37,34,1659.29,48332.51
SKU-0016,meesho,2026-03-08,1740,395,64,4,689.02,5694.74
SKU-0016,meesho,2026-03-07,7083,325,46,31,639.02,48928.06
SKU-0016,meesho,2026-03-06,1693,266,44,22,265.03,29764.84
SKU-0016,meesho,2026-03-05,8350,229,40,20,901.9,7388.68
SKU-0016,meesho,2026-03-04,952,247,42,6,1397.05,8587.16
SKU-0016,meesho,2026-03-03,819,150,28,6,276.62,4267.45
SKU-0016,meesho,2026-03-02,5696,131,22,22,1973.62,35697.94
SKU-0016,meesho,2026-03-01,7207,230,9,5,1141.67,3941.25
SKU-0016,meesho,2026-02-28,2494,308,50,10,600.91,4281.78
SKU-0016,meesho,2026-02-27,6618,181,22,16,704.97,19524.98
SKU-0016,flipkart,2026-03-12,2751,464,6,0,165.27,0.0
SKU-0016,flipkart,2026-03-11,9578,134,10,1,264.36,1931.93
SKU-0016,flipkart,2026-03-10,827,136,8,5,358.98,9081.98
SKU-0016,flipkart,2026-03-09,8468,152,22,10,1360.75,8808.61
SKU-0016,flipkart,2026-03-08,9348,387,48,0,1771.67,0.0
SKU-0016,flipkart,2026-03-07,3975,102,17,17,662.06,22348.56
SKU-0016,flipkart,2026-03-06,9271,348,67,20,514.93,28209.81
SKU-0016,flipkart,2026-03-05,5591,237,20,12,1709.65,8590.31
SKU-0016,flipkart,2026-03-04,4078,344,59,44,1878.76,59781.86
SKU-0016,flipkart,2026-03-03,7059,79,3,1,360.41,1471.1
SKU-0016,flipkart,2026-03-02,7071,244,13,3,1025.88,3931.69
SKU-0016,flipkart,2026-03-01,2982,98,1,1,1253.61,840.11
SKU-0016,flipkart,2026-02-28,2282,398,53,16,825.17,25935.48
SKU-0016,flipkart,2026-02-27,9041,266,4,1,770.2,1683.3
SKU-0017,meesho,2026-03-12,2505,166,25,15,1579.57,9167.8
SKU-0017,meesho,2026-03-11,2174,119,4,1,1325.39,430.39
SKU-0017,meesho,2026-03-10,6273,114,13,1,413.22,1750.77
SKU-0017,meesho,2026-03-09,1092,187,35,25,131.56,10124.09
SKU-0017,meesho,2026-03-08,9739,43,2,2,1851.82,1777.17
SKU-0017,meesho,2026-03-07,9904,131,10,0,1063.94,0.0
SKU-0017,meesho,2026-03-06,3456,351,23,17,790.4,13631.9
SKU-0017,meesho,2026-03-05,4859,146,10,8,487.04,10502.3
SKU-0017,meesho,2026-03-04,897,86,6,4,136.05,7001.82
SKU-0017,meesho,2026-03-03,3688,317,44,3,273.5,3241.7
SKU-0017,meesho,2026-03-02,4147,123,3,3,779.21,4601.7
SKU-0017,meesho,2026-03-01,8536,487,81,51,939.89,41376.21
SKU-0017,meesho,2026-02-28,2491,259,20,12,1572.09,22569.53
SKU-0017,meesho,2026-02-27,9423,65,5,1,1630.97,1022.23
SKU-0017,flipkart,2026-03-12,5772,110,4,2,344.72,660.2
SKU-0017,flipkart,2026-03-11,1113,334,61,22,122.96,42270.96
SKU-0017,flipkart,2026-03-10,4431,182,33,23,140.96,27210.05
SKU-0017,flipkart,2026-03-09,5289,487,72,63,1506.48,39964.16
SKU-0017,flipkart,2026-03-08,9547,180,2,1,1126.53,1823.88
SKU-0017,flipkart,2026-03-07,1460,399,20,20,1431.61,27679.02
SKU-0017,flipkart,2026-03-06,1494,383,39,19,1786.84,16543.53
SKU-0017,flipkart,2026-03-05,4088,135,7,4,1003.71,6492.52
SKU-0017,flipkart,2026-03-04,4626,183,2,1,175.4,1170.82
SKU-0017,flipkart,2026-03-03,1820,283,7,0,103.81,0.0
SKU-0017,flipkart,2026-03-02,2774,420,19,11,615.22,5601.31
SKU-0017,flipkart,2026-03-01,5495,471,43,21,914.13,22559.71
SKU-0017,flipkart,2026-02-28,2090,126,25,20,1281.06,23713.65
SKU-0017,flipkart,2026-02-27,1673,483,17,8,248.86,6016.29
SKU-0018,myntra,2026-03-12,3229,375,16,3,998.72,1301.74
SKU-0018,myntra,2026-03-11,7136,34,2,2,1638.48,2127.55
SKU-0018,myntra,2026-03-10,9405,432,43,43,1031.0,84865.45
SKU-0018,myntra,2026-03-09,2225,462,36,33,865.38,17304.3
SKU-0018,myntra,2026-03-08,9250,144,4,3,1901.58,5974.36
SKU-0018,myntra,2026-03-07,9327,350,44,26,1705.77,45033.76
SKU-0018,myntra,2026-03-06,5846,442,51,42,1207.89,31841.07
SKU-0018,myntra,2026-03-05,6320,425,77,23,1126.3,7682.72
SKU-0018,myntra,2026-03-04,8412,383,11,9,226.3,10634.74
SKU-0018,myntra,2026-03-03,9754,270,22,12,135.73,9541.86
SKU-0018,myntra,2026-03-02,4399,137,20,14,1650.82,12142.13
SKU-0018,myntra,2026-03-01,7056,62,2,2,1701.23,694.87
SKU-0018,myntra,2026-02-28,211,180,36,31,528.52,13956.43
SKU-0018,myntra,2026-02-27,6617,347,39,9,1205.56,11013.15
SKU-0018,amazon_in,2026-03-12,1431,239,18,18,1545.63,16386.03
SKU-0018,amazon_in,2026-03-11,7251,168,27,14,1290.31,9027.82
SKU-0018,amazon_in,2026-03-10,7607,159,26,9,1144.85,4653.87
SKU-0018,amazon_in,2026-03-09,3024,22,1,1,260.66,860.27
SKU-0018,amazon_in,2026-03-08,1077,426,50,28,1003.8,38983.9
SKU-0018,amazon_in,2026-03-07,995,39,7,6,911.54,9777.66
SKU-0018,amazon_in,2026-03-06,6203,233,14,9,433.51,12768.69
SKU-0018,amazon_in,2026-03-05,1898,269,29,0,80.91,0.0
SKU-0018,amazon_in,2026-03-04,685,411,31,25,1395.89,9566.19
SKU-0018,amazon_in,2026-03-03,4856,84,13,0,1213.81,0.0
SKU-0018,amazon_in,2026-03-02,7051,384,50,35,1673.91,26396.33
SKU-0018,amazon_in,2026-03-01,9054,26,2,0,478.87,0.0
SKU-0018,amazon_in,2026-02-28,4489,403,51,13,1390.28,15442.56
SKU-0018,amazon_in,2026-02-27,6533,261,9,6,1304.08,3862.25
SKU-0019,myntra,2026-03-12,4311,57,8,3,1785.06,4531.99
SKU-0019,myntra,2026-03-11,4248,217,4,3,1339.59,3951.53
SKU-0019,myntra,2026-03-10,8870,235,22,18,1612.86,31019.19
SKU-0019,myntra,2026-03-09,3518,178,18,1,317.53,1860.16
SKU-0019,myntra,2026-03-08,1033,273,41,32,1394.81,28234.73
SKU-0019,myntra,2026-03-07,9316,115,14,10,877.4,15456.1
SKU-0019,myntra,2026-03-06,6147,386,46,5,598.61,5261.14
SKU-0019,myntra,2026-03-05,3839,459,26,5,781.43,1624.81
SKU-0019,myntra,2026-03-04,9937,84,16,5,50.05,3742.26
SKU-0019,myntra,2026-03-03,5734,137,20,19,150.22,34106.92
SKU-0019,myntra,2026-03-02,9141,372,52,38,417.53,42643.18
SKU-0019,myntra,2026-03-01,8407,155,13,7,1193.81,13351.64
SKU-0019,myntra,2026-02-28,5564,170,8,3,1918.27,4621.63
SKU-0019,myntra,2026-02-27,2792,294,54,0,931.12,0.0
SKU-0019,flipkart,2026-03-12,316,136,4,2,423.64,937.0
SKU-0019,flipkart,2026-03-11,8199,269,41,12,1734.69,5513.43
SKU-0019,flipkart,2026-03-10,6978,491,50,4,707.66,2533.73
SKU-0019,flipkart,2026-03-09,5054,463,16,1,1444.99,836.79
SKU-0019,flipkart,2026-03-08,4611,33,1,1,1156.05,809.12
SKU-0019,flipkart,2026-03-07,1156,94,8,6,1628.77,7721.03
SKU-0019,flipkart,2026-03-06,5927,492,11,2,210.35,3896.27
SKU-0019,flipkart,2026-03-05,2992,463,48,18,1967.36,28187.53
SKU-0019,flipkart,2026-03-04,4311,242,27,6,1935.16,4551.63
SKU-0019,flipkart,2026-03-03,1535,322,13,7,668.91,9931.11
SKU-0019,flipkart,2026-03-02,3822,321,9,4,1233.81,2974.78
SKU-0019,flipkart,2026-03-01,9429,85,14,3,592.12,2147.46
SKU-0019,flipkart,2026-02-28,9821,281,45,31,320.35,52070.5
SKU-0019,flipkart,2026-02-27,5532,230,27,12,555.11,20826.55
SKU-0020,flipkart,2026-03-12,4636,64,11,1,1459.85,1608.47
SKU-0020,flipkart,2026-03-11,6156,179,3,0,468.23,0.0
SKU-0020,flipkart,2026-03-10,615,484,34,18,426.18,30417.6
SKU-0020,flipkart,2026-03-09,9317,313,57,3,1327.86,1038.52
SKU-0020,flipkart,2026-03-08,5464,432,35,20,318.62,23892.83
SKU-0020,flipkart,2026-03-07,3056,27,1,1,967.38,1654.11
SKU-0020,flipkart,2026-03-06,3916,226,16,2,1817.58,3092.9
SKU-0020,flipkart,2026-03-05,538,108,11,6,61.25,9421.0
SKU-0020,flipkart,2026-03-04,5270,107,4,3,1330.75,939.62
SKU-0020,flipkart,2026-03-03,5899,421,12,0,826.0,0.0
SKU-0020,flipkart,2026-03-02,9622,175,26,25,833.31,12032.26
SKU-0020,flipkart,2026-03-01,9120,467,22,3,75.13,3051.36
SKU-0020,flipkart,2026-02-28,5718,99,8,1,1136.36,993.43
SKU-0020,flipkart,2026-02-27,5696,48,7,0,300.39,0.0
SKU-0020,meesho,2026-03-12,2972,472,57,15,196.32,9677.91
SKU-0020,meesho,2026-03-11,4014,375,21,12,1928.03,9487.42
SKU-0020,meesho,2026-03-10,3244,274,54,32,1148.57,30752.28
SKU-0020,meesho,2026-03-09,7274,316,36,15,276.9,9150.04
SKU-0020,meesho,2026-03-08,5444,315,15,5,1446.21,7919.74
SKU-0020,meesho,2026-03-07,5780,302,43,9,834.29,16759.01
SKU-0020,meesho,2026-03-06,8184,111,19,14,78.93,21321.88
SKU-0020,meesho,2026-03-05,1533,65,2,1,1108.95,565.19
SKU-0020,meesho,2026-03-04,6201,251,15,15,295.61,18181.38
SKU-0020,meesho,2026-03-03,2193,388,11,8,1704.24,3803.11
SKU-0020,meesho,2026-03-02,9053,71,5,4,494.56,5639.33
SKU-0020,meesho,2026-03-01,390,197,30,2,335.74,3400.82
SKU-0020,meesho,2026-02-28,4634,343,65,25,1521.16,43598.63
SKU-0020,meesho,2026-02-27,3584,259,22,22,738.14,39480.52
